generated_description,product,model,condition
"META TÍTULO: Termo Critter Hot Focus: Diseño Infantil Divertido y Práctico  
META DESCRIPCIÓN: Descubre el Termo Critter de Hot Focus. Mantiene líquidos calientes o fríos, con diseño de osos y colores brillantes. Ideal para niños.",4186694,2,3
"META TÍTULO: Estuche Lapicero Hot Focus: Divertido Diseño Animales Kawaii  
META DESCRIPCIÓN: Estuche con lapicero Hot Focus. Diseño brillante con personajes kawaii y colores vibrantes. Ideal para niños. Calidad garantizada.",4186693,2,3
"META TÍTULO: Vaso Osito Goma 600ml - Diseño Personalizable con Pegatinas Divertidas  
META DESCRIPCIÓN: Disfruta tu bebida favorita en el vaso osito de goma Hot Focus. Incluye sorbete rosa y pegatinas.",4186695,2,3
"META TÍTULO: Tableta para Dibujar Hot Focus 8.5"" - Diseño Gato Kawaii  
META DESCRIPCIÓN: Descubre la Tableta para Dibujar Hot Focus 8.5"" con temática de gato. Incluye stickers y botón de borrado. Ideal para creatividad infantil.",4186698,2,3
"META TÍTULO: Lonchera Mariposa Morada Hot Focus – Encanto y Estilo  
META DESCRIPCIÓN: Descubre la lonchera Mariposa Morada de Hot Focus. Diseño mágico con pompón peludo. Ideal para niñas. ¡Compra ahora!",4184319,2,3
"META TÍTULO: Estuche Rainbow Hot Focus: Accesorios y Diversión  
META DESCRIPCIÓN: Descubre el estuche Rainbow de Hot Focus, lleno de accesorios brillantes. Diseño mágico con colores, estrellas y arcoíris para niños creativos.",4184306,2,3
"META TÍTULO: Sweet Llavero Mochila Hot Focus: Diversión y Estilo  
META DESCRIPCIÓN: Descubre el Sweet Llavero Mochila de Hot Focus. Incluye lapiceros y accesorios adorables. Perfecto para niñas creativas. ¡Compra hoy!",4184309,2,3
"META TÍTULO: Sweet Diario Hot Focus: Diversión y Accesorios con Luz  
META DESCRIPCIÓN: Descubre el Sweet Diario con Accesorios de Hot Focus. Incluye bolígrafos con luz y stickers secretos. Ideal para niñas creativas. ¡Compra ahora!",4184307,2,3
"META TÍTULO: Groovy Flower Cintillo con Gafa - Hot Focus Accesorios  
META DESCRIPCIÓN: Descubre el Groovy Flower Cintillo con Gafa de Hot Focus. Diseño azul brillante, adornos florales y lentes a juego. Ideal para niñas.",4184299,2,3
"META TÍTULO: Rainbow Cintillo Hot Focus: Accesorios Divertidos para Niñas  
META DESCRIPCIÓN: Descubre el set Rainbow Cintillo con gafas y accesorios de Hot Focus. Diseño colorido y moderno para niñas. ¡Compra ahora y brilla!",4184298,2,3
"META TÍTULO: Unicornio Toalla con Capucha Hot Focus - Regalo Mágico  
META DESCRIPCIÓN: Descubre la toalla unicornio con capucha de Hot Focus. Suave, brillante y perfecta para niñas. Incluye accesorios de regalo. ¡Hazla feliz hoy!",4184286,2,3
"META TÍTULO: Gummy Bear Toalla con Capucha Hot Focus - Suave y Divertida  
META DESCRIPCIÓN: Descubre la Gummy Bear Toalla con Capucha de Hot Focus. Diseño adorable, colores brillantes y máxima comodidad. Ideal para niños.",4184285,2,3
"META TÍTULO: Libreta Rainbow con Lapicero Hot Focus: ¡Diversión y Estilo!  
META DESCRIPCIÓN: Descubre la libreta Rainbow de Hot Focus, con lapicero y diseño brillante. Ideal para secretos y creatividad. ¡Hazla brillar!",4184274,2,3
"META TÍTULO: Mariposa Mochila Morada Hot Focus - Estilo Único  
META DESCRIPCIÓN: Descubre la magia con la Mariposa Mochila Morada. Diseño elegante, detalles brillantes y pompón encantador. ¡Ideal para niñas!",4184318,2,3
"META TÍTULO: Sweet Contenedor Merienda Hot Focus: Divertido y Práctico  
META DESCRIPCIÓN: Descubre el contenedor para merienda Sweet de Hot Focus. Diseño rosa con estampados adorables, ideal para niños. Seguro y práctico.",4184317,2,3
"META TÍTULO: Mochila Sweet Rosa Hot Focus - Diseño Divertido y Brillante  
META DESCRIPCIÓN: Descubre la mochila Sweet Rosa de Hot Focus. Con detalles de helados y colores brillantes, ideal para niñas. ¡Compra ahora!",4184316,2,3
"META TÍTULO: Lonchera Sweet Hot Focus: Diseño Exclusivo y Divertido  
META DESCRIPCIÓN: Descubre la lonchera Sweet de Hot Focus, con estampados brillantes y detalles de helados. Ideal para mantener la comida fresca. ¡Compra ahora!",4184314,2,3
"META TÍTULO: Termo Sweet con Stickers Personalizables Hot Focus  
META DESCRIPCIÓN: Descubre el Termo Sweet de Hot Focus. Incluye stickers decorativos de postres. Mantén bebidas frescas con estilo.",4184313,2,3
"META TÍTULO: Sweet Vaso Hot Focus: Accesorios Divertidos y Coloridos  
META DESCRIPCIÓN: Descubre el Sweet Vaso de Hot Focus, con diseño de helado rosa, pajita y accesorios. Ideal para regalos originales. ¡Consíguelo ahora!",4184312,2,3
"META TÍTULO: Diario Afelpado Rainbow Hot Focus: Mágico y Suave  
META DESCRIPCIÓN: Descubre el encantador diario Rainbow de Hot Focus. Afelpado, con lapicero y diseño unicornio. Ideal para niñas creativas. ¡Consíguelo ya!",4184275,2,3
"META TÍTULO: Mochila Rosada Rainbow Hot Focus - Diseño Brillante  
META DESCRIPCIÓN: Descubre la mochila Rainbow rosa de Hot Focus, con detalles brillantes y colores vivos. Perfecta para añadir diversión a tu estilo. ¡Consíguela hoy!",4184293,2,3
"META TÍTULO: Rainbow Vaso Hot Focus: Diversión Brillante con Tatuajes  
META DESCRIPCIÓN: Sorprende con el vaso Rainbow de Hot Focus. Incluye sorbete, decoraciones y tatuajes que brillan. Ideal para regalos.",4184291,2,3
"META TÍTULO: Termo Rainbow con Llavero Hot Focus | Diseño Divertido  
META DESCRIPCIÓN: Descubre el termo infantil Rainbow de Hot Focus. Mantiene líquidos fríos/calientes. Diseño arcoíris con llavero. Ideal regalo.",4184289,2,3
"META TÍTULO: Mochila Gummy Bear Rosada - Diseño Brillante y Divertido  
META DESCRIPCIÓN: Descubre la mochila Gummy Bear Rosada de Hot Focus, con detalles brillantes y un tierno oso. Perfecta para destacar.",4184284,2,3
"META TÍTULO: Gummy Bear Mini Mochila - Diseño Tierno y Funcional  
META DESCRIPCIÓN: Descubre la Gummy Bear Mini Mochila de Hot Focus. Rosa brillante, con ositos adorables y detalles brillantes. Ideal para niñas.",4184283,2,3
"META TÍTULO: Gummy Bear Vaso Helado Hot Focus - Divertido y Original  
META DESCRIPCIÓN: Disfruta tu helado con estilo. Vaso Gummy Bear con sorbete, detalles brillantes y diseño de Minnie. Ideal regalo.",4184281,2,3
"META TÍTULO: Termo Gummy Bear Hot Focus con Llavero Original  
META DESCRIPCIÓN: Descubre el termo Gummy Bear de Hot Focus: diseño divertido, sorbete y llavero. Mantén bebidas frescas con estilo único. ¡Ideal para regalos!",4184280,2,3
"META TÍTULO: Estuche Gummy Bear Hot Focus - Organiza con Estilo  
META DESCRIPCIÓN: Descubre el Estuche Gummy Bear de Hot Focus, perfecto para joyas. Diseño vibrante y práctico con cierre seguro. ¡Ideal para regalo!",4184276,2,3
"META TÍTULO: Gummy Bear Vaso con Sorbete Hot Focus – Diversión Rosa  
META DESCRIPCIÓN: Añade diversión con el Gummy Bear Vaso con sorbete Hot Focus. Diseño tierno, seguro y práctico. Ideal para niñas. ¡Cómpralo ya!",4184223,2,3
"META TÍTULO: Vaso Goovy Flowers - Diseño Alegre y Divertido  
META DESCRIPCIÓN: Descubre el Vaso Goovy Flowers de Hot Focus. Diseño hippie, colores vivos y pajita incluida. Ideal para regalos.",4177877,2,3
"META TÍTULO: Estuche Sweet Hot Focus: Accesorios Kawaii y Divertidos  
META DESCRIPCIÓN: Descubre el estuche Sweet de Hot Focus, lleno de accesorios kawaii. Perfecto para niñas, incluye stickers, lápices y más con diseños adorables. ¡Ideal para regalo!",4184311,2,3
"META TÍTULO: Estuche Sweet con Libreta Hot Focus: Diversión Colorida  
META DESCRIPCIÓN: Descubre el Estuche Sweet de Hot Focus. Incluye libreta, bolígrafos y stickers. Diseño helado encantador, ideal para regalos. ¡Compra ahora!",4184308,2,3
"META TÍTULO: Libreta Rainbow con Audífonos Hot Focus: Set Escolar  
META DESCRIPCIÓN: Descubre el set escolar Rainbow de Hot Focus. Incluye libreta, audífonos, bolígrafos y más. Diseño colorido y divertido perfecto para estudiantes.",4184301,2,3
"META TÍTULO: Rainbow Monedero Infantil con Accesorios Hot Focus  
META DESCRIPCIÓN: Descubre el monedero infantil Rainbow de Hot Focus, con accesorios incluidos. Diseño colorido y brillante perfecto para niñas.",4184295,2,3
"META TÍTULO: Estuche Gummy Bear Hot Focus: Color y Diversión  
META DESCRIPCIÓN: Descubre el estuche Gummy Bear de Hot Focus. Incluye lapiceros divertidos y stickers. Ideal para regalos. Diseño atractivo y colores brillantes.",4184279,2,3
"META TÍTULO: Estuche Gummy Bear Hot Focus: Libreta y Accesorios Divertidos  
META DESCRIPCIÓN: Descubre el estuche Gummy Bear de Hot Focus con libreta, stickers y accesorios. Diseño colorido y brillante perfecto para escolares.",4184278,2,3
"META TÍTULO: Mochila Gummy Bear Mini: Accesorios Divertidos Hot Focus  
META DESCRIPCIÓN: Descubre la mochila Gummy Bear con accesorios de Hot Focus. Diseño rosa brillante, ideal para niñas. Incluye bolígrafos y detalles encantadores.",4184277,2,3
"META TÍTULO: Estuche Gummy Bear Hot Focus: Divertido y funcional  
META DESCRIPCIÓN: Descubre el estuche Gummy Bear con lapicero Hot Focus. Diseño único y colores brillantes. Ideal para escolares. ¡Consíguelo ahora!",4184225,2,3
"META TÍTULO: Audífonos Gummy Bear Inalámbricos Hot Focus - Diseño Divertido  
META DESCRIPCIÓN: Descubre los audífonos Gummy Bear de Hot Focus, con estuches adorables y colores pastel. Sonido nítido y conexión Bluetooth. ¡Ideal para niños!",4184221,2,3
"META TÍTULO: Contenedor Termo Hot Focus 5+ Infantil | Diseño Tierno y Práctico  
META DESCRIPCIÓN: El Contenedor Con Termo Hot Focus 5+ mantiene comidas frescas. Diseño infantil con accesorios completos. Ideal para la escuela.",4184395,2,3
"META TÍTULO: Audífonos Inalámbricos Rainbow Hot Focus: Diseño Único  
META DESCRIPCIÓN: Descubre los audífonos Rainbow de Hot Focus, con estuche colorido y diseño alegre. Sonido perfecto y estilo único. Cómpralos hoy.",4184300,2,3
"META TÍTULO: Caja Musical Rainbow para Joyas - Hot Focus  
META DESCRIPCIÓN: Descubre la Caja Musical Rainbow de Hot Focus, ideal para guardar joyas. Diseño colorido con espejo y compartimentos.",4184297,2,3
"META TÍTULO: Contenedor Termo Infantil Rainbow Hot Focus – Calidad Premium  
META DESCRIPCIÓN: Descubre el Contenedor Con Termo Rainbow Hot Focus, ideal para niños. Diseño brillante y funcional, mantiene comida fresca. ¡Compra ahora!",4184294,2,3
"META TÍTULO: Lonchera Infantil Rainbow Hot Focus - Diseño Divertido  
META DESCRIPCIÓN: Descubre la lonchera infantil Rainbow de Hot Focus. Compartimentos separados y accesorios incluidos. Perfecta para meriendas.",4184290,2,3
"META TÍTULO: Cartera Rosa Hot Focus: Estilo y Elegancia en Accesorios  
META DESCRIPCIÓN: Descubre la cartera rosa con llave de Hot Focus. Diseño chic con perlas y detalles encantadores. Ideal para destacar. ¡Compra hoy!",4184324,2,3
"META TÍTULO: Bolso De Mano Cruzado Arcoíris Hot Focus - Diseño Exclusivo  
META DESCRIPCIÓN: Descubre el Bolso Arcoíris de Hot Focus. Con detalles de perlas, pompones y mariposa. Ideal para looks modernos y juveniles. ¡Compra ahora!",4184323,2,3
"META TÍTULO: Lonchera Rosa Arcoíris Hot Focus - Diseño Divertido y Práctico  
META DESCRIPCIÓN: Descubre la lonchera rosa de arcoíris Hot Focus, ideal para niños. Diseño brillante, compartimentos separados y fácil limpieza. ¡Hazla suya hoy!",4180479,2,3
"META TÍTULO: Lonchera y termo de mariposa HOT FOCUS | Diseño Infantil  
META DESCRIPCIÓN: Set lonchera y termo infantil mariposas. Mantén la comida fresca y bebidas a temperatura. Diseño colorido.",4180474,2,3
"META TÍTULO: Termo Arcoiris con Stickers Hot Focus | Diseño Divertido  
META DESCRIPCIÓN: Mantén bebidas frescas con estilo. Termo Hot Focus con diseño arcoiris y stickers incluidos. Ideal para regalos.",4180473,2,3
"META TÍTULO: Lonchera Infantil Groovy Flowers HFocus – Estilo Único  
META DESCRIPCIÓN: Descubre la lonchera Groovy Flowers de Hot Focus. Diseño vibrante con flores y mariposas. Ideal para niñas. Mantén la comida fresca y segura.",4177882,2,3
"META TÍTULO: Botella Infantil Hot Focus - Diseño Floral Vibrante y Seguro  
META DESCRIPCIÓN: Descubre la botella Hot Focus con envase. Diseño alegre, seguro y práctico. Ideal para mantener la comida fresca. ¡Compra ahora!",4177880,2,3
"META TÍTULO: Kit Diario Iluminado Groovy Flowers - Hot Focus  
META DESCRIPCIÓN: Descubre el kit de diario iluminado Groovy Flowers de Hot Focus. Perfecto para crear mensajes y dibujos brillantes. Incluye bolígrafos y accesorios decorativos.",4177870,2,3
"META TÍTULO: Cartera Infantil Flor Maravillosa - Hot Focus Original  
META DESCRIPCIÓN: Descubre la cartera infantil Flor Maravillosa de Hot Focus. Incluye accesorios: pulsera, anillos y dijes. Ideal para niñas creativas.",4177874,2,3
"META TÍTULO: Arte Pegajosa Brillante Hot Focus - Diversión Nocturna  
META DESCRIPCIÓN: Descubre Hot Focus Glow, arte pegajoso que brilla en la oscuridad. Crea diseños florales luminosos y mágicos.",4177873,2,3
"META TÍTULO: Cartera Infantil Hot Focus Glow Arcoiris Con Accesorios Brillantes  
META DESCRIPCIÓN: Descubre la cartera Hot Focus Glow con diseño arcoiris. Incluye accesorios brillantes y divertidos. Ideal para regalos. ¡Consíguela ahora!",4180476,2,3
"META TÍTULO: Hot Focus Clipboard Mariposa: Colorea y Guarda con Estilo  
META DESCRIPCIÓN: Descubre el clipboard Hot Focus Mariposa. Diseño mágico, lápices incluidos y almacenamiento práctico. Ideal para niñas creativas. ¡Compra ahora!",4174109,2,3
"META TÍTULO: Estuche Mariposa Multi-Funcional Hot Focus | Diseño Divertido  
META DESCRIPCIÓN: Estuche Mariposa Hot Focus, multi-funcional y colorido. Ideal para lápices, con diseño de mariposas y flores. Perfecto para niñas creativas.",4174110,2,3
"META TÍTULO: Vaso Gatico Hot Focus: Divertido y con Labial Incluido  
META DESCRIPCIÓN: Disfruta tu bebida favorita con el vaso gatico Hot Focus. Diseño único con labial rosa. Perfecto para regalos originales.",4174111,2,3
"META TÍTULO: Libreta Hot Focus de Sirena: Set Completo y Brillante  
META DESCRIPCIÓN: Descubre la magia con la libreta de sirena Hot Focus. Incluye stickers, bolígrafo pompón y más. Perfecta para jóvenes creativas.",4172858,2,3
"META TÍTULO: Libreta Hot Focus con Lapicero Mariposa | Diseño Brillante  
META DESCRIPCIÓN: Descubre la libreta Hot Focus con lapicero mariposa. Diseño encantador, brillante y femenino. Perfecta para niñas creativas.",4172861,2,3
"META TÍTULO: Estuche Mariposa Hot Focus: Accesorio Escolar Encantador y Práctico  
META DESCRIPCIÓN: Descubre el Estuche Mariposa de Hot Focus, lleno de color y detalles. Ideal para mantener organizados tus útiles escolares con estilo. ¡Compra ahora!",4172864,2,3
"META TÍTULO: Termo Mariposa Hot Focus: Colorido y Divertido Diseño Infantil  
META DESCRIPCIÓN: Descubre el Termo de Mariposa Hot Focus, ideal para niñas. Con diseños mágicos y colores brillantes. Mantiene bebidas frescas.",4172867,2,3
"META TÍTULO: Audífonos Mariposa Hot Focus: Estilo y Sonido  
META DESCRIPCIÓN: Hot Focus trae audífonos de mariposa con diseño vibrante. Incluye pulsera y estuche. Calidad y moda en un solo producto.",4172868,2,3
"META TÍTULO: Hot Focus Diario Mariposa: Creatividad y Diversión  
META DESCRIPCIÓN: Descubre el Hot Focus Diario Mariposa, lleno de colores y accesorios. Perfecto para niñas creativas desde 5 años.",4166616,2,3
"META TÍTULO: Diario Mariposa Hot Focus: Accesorios Incluidos y Diseño Encantador  
META DESCRIPCIÓN: Explora el Diario Mariposa Hot Focus con accesorios temáticos. Diseño brillante y detalles de mariposas. Perfecto para niñas creativas. ¡Consíguelo hoy!",4166619,2,3
"META TÍTULO: Vaso Mariposa Hot Focus: Diseño Exclusivo y Colorido  
META DESCRIPCIÓN: Añade diversión a tu día con el Vaso Mariposa Hot Focus. Incluye colita arcoíris y brillantitos. Ideal para regalos.",4166621,2,3
