id,nombre,descripcion_original,descripcion_generada
4186694,Termo Critter,"¡Haz que la hidratación sea divertida con el Termo Critter de Hot Focus! Con adorables diseños de animalitos, este termo combina funcionalidad y estilo en un solo accesorio.Está hecho con materiales seguros y libres de BPA. Ligero, práctico y lleno de encanto, es perfecto para llevar a la escuela, excursiones o cualquier aventura diaria. ¡Una opción ideal para niñas que aman lo cute y lo creativo! Tipo de producto: Termos.","META TÍTULO: Termo Critter Hot Focus: Diseño Infantil Divertido y Práctico  
META DESCRIPCIÓN: Descubre el Termo Critter de Hot Focus. Mantiene líquidos calientes o fríos, con diseño de osos y colores brillantes. Ideal para niños."
4186693,Estuche con Lapicero,"¡Despierta la creatividad con el práctico Estuche con Lapicero! Este set incluye un estuche reutilizable lleno de artículos divertidos y funcionales para la escuela o el trabajo: un bolígrafo con 10 colores de tinta y topper adorable, resaltadores apilables 5 en 1, una goma de borrar, una divertida parche adhesiva para personalizar el estuche o cualquier otra cosa, y una hoja de stickers para decorar a gusto. Ideal para mantener todo organizado con estilo y agregar un toque único a tus útiles. ¡Perfecto para quienes quieren combinar funcionalidad y diversión en un solo set!","META TÍTULO: Estuche Lapicero Hot Focus: Divertido Diseño Animales Kawaii  
META DESCRIPCIÓN: Estuche con lapicero Hot Focus. Diseño brillante con personajes kawaii y colores vibrantes. Ideal para niños. Calidad garantizada."
4186695,Vaso Osito de Goma con Sorbete Rosado 600 Ml,"¡Dale un toque dulce a la hidratación con el Vaso Osito de Goma con Sorbete Rosado! Con un divertido diseño de osito de goma, este vaso de 600 ml (20 oz) incluye un asa cómoda, un sorbete reutilizable y un set de stickers para decorar y personalizar a tu gusto. Ideal para niños y niñas a partir de 3 años, es perfecto para llevar bebidas favoritas a la escuela, al parque o donde sea. ¡Un vaso adorable y práctico que convierte cada sorbo en una experiencia creativa! Tipo de producto: Termos.","META TÍTULO: Vaso Osito Goma 600ml - Diseño Personalizable con Pegatinas Divertidas  
META DESCRIPCIÓN: Disfruta tu bebida favorita en el vaso osito de goma Hot Focus. Incluye sorbete rosa y pegatinas."
4186698,"Tableta para Dibujar de 8.5""","¡Deja volar tu imaginación con la Tableta para Dibujar de 8.5""! Esta innovadora tableta LCD es perfecta para pequeños artistas que quieren explorar su creatividad de manera sencilla y divertida. Con un diseño intuitivo, los niños pueden dibujar y borrar con facilidad gracias al botón de borrado, creando infinitas obras de arte. El set incluye un lápiz óptico para que los más pequeños puedan dar rienda suelta a su creatividad, además de una hoja de etiquetas adhesivas de vinilo para personalizar la tableta. Todo viene guardado en un estuche con cierre, ideal para llevar a todas partes. ¡Es la herramienta perfecta para que los niños expresen su arte mientras se divierten!","META TÍTULO: Tableta para Dibujar Hot Focus 8.5"" - Diseño Gato Kawaii  
META DESCRIPCIÓN: Descubre la Tableta para Dibujar Hot Focus 8.5"" con temática de gato. Incluye stickers y botón de borrado. Ideal para creatividad infantil."
4184319,Lonchera Mariposa Morada,"La Lonchera Mariposa Morada es una lonchera práctica y colorida, ideal para niñas que buscan estilo y funcionalidad. Con un diseño encantador en color morado y detalles de mariposas, añade un toque especial y divertido a la hora del almuerzo. Hecha de materiales duraderos y fáciles de limpiar, esta lonchera cuenta con un cierre seguro y suficiente espacio para mantener los alimentos frescos y organizados. Perfecta para la escuela, excursiones o actividades al aire libre, combina practicidad y un diseño atractivo para hacer que la hora de la comida sea aún más agradable. Ancho aproximado: 7.24"".","META TÍTULO: Lonchera Mariposa Morada Hot Focus – Encanto y Estilo  
META DESCRIPCIÓN: Descubre la lonchera Mariposa Morada de Hot Focus. Diseño mágico con pompón peludo. Ideal para niñas. ¡Compra ahora!"
4184306,Rainbow Estuche con Accesorios,"El Rainbow Estuche con Accesorios es un estuche colorido y práctico, ideal para niños mayores de 5 años. Con un diseño vibrante de arcoíris, ofrece un toque alegre y divertido para guardar útiles escolares, lápices y otros pequeños objetos. Viene con accesorios adicionales, bolígrafos y stickers, que complementan la experiencia y fomentan la creatividad y el aprendizaje. Hecho de materiales duraderos y seguros, este estuche es perfecto para la escuela, actividades artísticas o el uso diario, combinando funcionalidad, estilo y diversión. Incluye 5 piezas.","META TÍTULO: Estuche Rainbow Hot Focus: Accesorios y Diversión  
META DESCRIPCIÓN: Descubre el estuche Rainbow de Hot Focus, lleno de accesorios brillantes. Diseño mágico con colores, estrellas y arcoíris para niños creativos."
4184309,Sweet Llavero Mochila con Lapiceros,"Llena de color y creatividad, el Sweet Llavero Mochila con accesorios es el combo perfecto para acompañar a tu pequeña en su día a día. Incluye tres lapiceros de colores, una libreta para dibujar o escribir sus ideas favoritas, un set de stickers decorativos y un llavero único que le da un toque especial. Diseñada para ser práctica, cómoda y encantadora, esta mochila y llavero es ideal para el colegio, salidas o simplemente para jugar y crear sin parar. ¡Todo lo que necesitan en un solo lugar!","META TÍTULO: Sweet Llavero Mochila Hot Focus: Diversión y Estilo  
META DESCRIPCIÓN: Descubre el Sweet Llavero Mochila de Hot Focus. Incluye lapiceros y accesorios adorables. Perfecto para niñas creativas. ¡Compra hoy!"
4184307,Sweet Diario con Accesorios,"Sweet Diario con Accesorios es un diario encantador y práctico, ideal para niños y niñas mayores de 5 años. Con un diseño dulce y colorido, este diario invita a la escritura y la expresión creativa. Viene con accesorios adicionales, como lápices, stickers o decoraciones, que hacen que la experiencia de uso sea aún más divertida y especial. Hecho de materiales seguros y duraderos, este diario es perfecto para escribir pensamientos, dibujar o llevar un registro de recuerdos y actividades, fomentando la imaginación y el desarrollo de la escritura. Incluye 3 piezas.","META TÍTULO: Sweet Diario Hot Focus: Diversión y Accesorios con Luz  
META DESCRIPCIÓN: Descubre el Sweet Diario con Accesorios de Hot Focus. Incluye bolígrafos con luz y stickers secretos. Ideal para niñas creativas. ¡Compra ahora!"
4184299,Groovy Flower Cintillo con Gafa,"HFocus Groovy Flower Cintillo C/Gafa es un set de moda y estilo, ideal para niñas y adolescentes. El cintillo, con un diseño colorido y floral, es cómodo y perfecto para añadir un toque divertido y alegre a cualquier look. Incluye un par de gafas a juego, que complementan el estilo y hacen que el set sea aún más atractivo y versátil. Hecho de materiales seguros y de calidad, este set es ideal para ocasiones especiales, juegos o para el uso diario, manteniendo a los más jóvenes a la moda y con un look fresco y divertido.","META TÍTULO: Groovy Flower Cintillo con Gafa - Hot Focus Accesorios  
META DESCRIPCIÓN: Descubre el Groovy Flower Cintillo con Gafa de Hot Focus. Diseño azul brillante, adornos florales y lentes a juego. Ideal para niñas."
4184298,Rainbow Cintillo con Gafa y Accesorios,"HFocus Rainbow Cintillo C/Gafa y Acc. es un set de moda y estilo ideal para niñas y adolescentes. El cintillo colorido de arcoíris, hecho de materiales suaves y cómodos, es perfecto para complementar cualquier look. Incluye gafas y accesorios adicionales que añaden un toque divertido y único. Este set es ideal para ocasiones especiales, juegos o para darle un toque alegre al día a día. Con un diseño atractivo y materiales seguros, es una opción perfecta para mantener a los más jóvenes a la moda y divertidos. Incluye 4 piezas.","META TÍTULO: Rainbow Cintillo Hot Focus: Accesorios Divertidos para Niñas  
META DESCRIPCIÓN: Descubre el set Rainbow Cintillo con gafas y accesorios de Hot Focus. Diseño colorido y moderno para niñas. ¡Compra ahora y brilla!"
4184286,Unicornio Toalla con Capucha,"Unicornio Toalla con Capucha es una toalla colorida y encantadora con diseño de unicornio, ideal para niños mayores de 3 años. Perfecta para después del baño, en la playa o en la piscina, esta toalla cuenta con una capucha que mantiene la cabeza del niño protegida y calentita. Hecha de materiales suaves y absorbentes, ofrece comodidad y calidez mientras seca al niño rápidamente. Su diseño temático y colorido hace que la hora del baño o el tiempo de juego en el agua sea aún más divertido y especial. Incluye 2 piezas.","META TÍTULO: Unicornio Toalla con Capucha Hot Focus - Regalo Mágico  
META DESCRIPCIÓN: Descubre la toalla unicornio con capucha de Hot Focus. Suave, brillante y perfecta para niñas. Incluye accesorios de regalo. ¡Hazla feliz hoy!"
4184285,Gummy Bear Toalla con Capucha,"HFocus Gummy Bear Toalla C/Capucha 3+ es una toalla colorida y divertida con diseño de osito de goma, perfecta para niños mayores de 3 años. Ideal para después del baño o para la playa y la piscina, esta toalla cuenta con una capucha que ayuda a mantener la cabeza del niño protegida y calentita. Hecha de materiales suaves y absorbentes, proporciona comodidad y calidez al niño. Su diseño alegre y temático hace que la hora del baño o el tiempo de juego en el agua sea más divertido y agradable. Incluye 2 piezas.","META TÍTULO: Gummy Bear Toalla con Capucha Hot Focus - Suave y Divertida  
META DESCRIPCIÓN: Descubre la Gummy Bear Toalla con Capucha de Hot Focus. Diseño adorable, colores brillantes y máxima comodidad. Ideal para niños."
4184274,Rainbow Libreta con Lapicero,"HFocus Rainbow Libreta C/Lapicero 5+ es un set de papelería ideal para niños mayores de 5 años, que incluye una libreta colorida con un diseño de arcoíris y un lapicero a juego. Perfecto para estimular la creatividad y la escritura, este set es ideal para llevar a la escuela o usar en casa. La libreta ofrece páginas de alta calidad para dibujar, escribir o tomar notas, mientras que el lapicero permite una escritura cómoda y divertida. Con un diseño alegre y vibrante, es el accesorio perfecto para añadir color y diversión a la rutina diaria. Incluye 2 piezas. Ancho aproximado: 8.66"".","META TÍTULO: Libreta Rainbow con Lapicero Hot Focus: ¡Diversión y Estilo!  
META DESCRIPCIÓN: Descubre la libreta Rainbow de Hot Focus, con lapicero y diseño brillante. Ideal para secretos y creatividad. ¡Hazla brillar!"
4184318,Mariposa Mochila Morada,"HFocus Mariposa Mochila Morada es una mochila encantadora y práctica, perfecta para niñas y adolescentes. Con un diseño atractivo en un tono morado y detalles de mariposas que le dan un toque especial, combina estilo y funcionalidad. Hecha de materiales duraderos y resistentes, ofrece suficiente espacio para llevar libros, útiles escolares y otros objetos personales de forma organizada. Las correas ajustables aseguran comodidad durante el uso diario, ya sea en la escuela, actividades extracurriculares o salidas. Esta mochila es una opción divertida y práctica para mantener a los más pequeños equipados y a la moda. Ancho aproximado: 11.81"".","META TÍTULO: Mariposa Mochila Morada Hot Focus - Estilo Único  
META DESCRIPCIÓN: Descubre la magia con la Mariposa Mochila Morada. Diseño elegante, detalles brillantes y pompón encantador. ¡Ideal para niñas!"
4184317,Sweet Contenedor para Merienda,"HFocus Sweet Contenedor P/Merienda es un práctico y colorido contenedor diseñado para llevar snacks y meriendas de manera segura y ordenada. Con un diseño dulce y atractivo, es ideal para niños y niñas que buscan un toque de diversión en sus comidas. Hecho de materiales duraderos y seguros, el contenedor cuenta con un cierre hermético que mantiene la frescura de los alimentos por más tiempo. Perfecto para la escuela, excursiones o actividades al aire libre, este contenedor es una opción práctica y estilosa para disfrutar de meriendas deliciosas en cualquier momento. Incluye 7 piezas. Ancho aproximado: 7.87"".","META TÍTULO: Sweet Contenedor Merienda Hot Focus: Divertido y Práctico  
META DESCRIPCIÓN: Descubre el contenedor para merienda Sweet de Hot Focus. Diseño rosa con estampados adorables, ideal para niños. Seguro y práctico."
4184316,Sweet Mochila Rosa,"HFocus Sweet Mochila Rosa es una mochila encantadora y práctica, ideal para niñas y adolescentes. Con un diseño colorido y femenino en un tono rosa vibrante, combina estilo y funcionalidad. Hecha de materiales duraderos y resistentes, ofrece suficiente espacio para llevar libros, útiles escolares y otros objetos personales de manera organizada. Con correas ajustables y cómodas, es perfecta para el uso diario en la escuela, actividades extracurriculares o salidas. Esta mochila es una opción divertida y práctica para mantener a los más pequeños cómodamente equipados y a la moda. Ancho aproximado: 11.81"".","META TÍTULO: Mochila Sweet Rosa Hot Focus - Diseño Divertido y Brillante  
META DESCRIPCIÓN: Descubre la mochila Sweet Rosa de Hot Focus. Con detalles de helados y colores brillantes, ideal para niñas. ¡Compra ahora!"
4184314,Sweet Lonchera,"HFocus Sweet Lonchera es una lonchera colorida y práctica, ideal para niños y niñas. Con un diseño dulce y atractivo, ofrece suficiente espacio para llevar alimentos y refrigerios de manera segura y organizada. Hecha de materiales duraderos y fáciles de limpiar, cuenta con un cierre confiable y compartimentos para mantener la comida fresca y bien presentada. Perfecta para el uso diario en la escuela, actividades recreativas o excursiones, esta lonchera combina estilo y funcionalidad para mantener a los más pequeños felices y bien alimentados. Ancho aproximado: 7.24"".","META TÍTULO: Lonchera Sweet Hot Focus: Diseño Exclusivo y Divertido  
META DESCRIPCIÓN: Descubre la lonchera Sweet de Hot Focus, con estampados brillantes y detalles de helados. Ideal para mantener la comida fresca. ¡Compra ahora!"
4184313,Sweet Termo con Stickers,"HFocus Sweet Termo con Stickers 3+ es un termo colorido y atractivo, ideal para niños mayores de 3 años. Con un diseño dulce y divertido, este termo es perfecto para mantener las bebidas a la temperatura ideal durante más tiempo. Viene con stickers que permiten personalizar el termo y hacerlo único. Hecho de materiales seguros y duraderos, es ideal para el uso diario, ya sea en la escuela, en casa o durante actividades al aire libre, combinando practicidad, estilo y diversión para los más pequeños. Incluye 2 piezas.","META TÍTULO: Termo Sweet con Stickers Personalizables Hot Focus  
META DESCRIPCIÓN: Descubre el Termo Sweet de Hot Focus. Incluye stickers decorativos de postres. Mantén bebidas frescas con estilo."
4184312,Sweet Vaso con Accesorios,"HFocus Sweet Vaso C/Accesorios 5+ es un vaso colorido y práctico, ideal para niños mayores de 5 años. Con un diseño dulce y atractivo, es perfecto para disfrutar de bebidas y mantenerse hidratado de manera divertida. El vaso viene acompañado de accesorios adicionales, como un sorbete o una tapa, que añaden funcionalidad y estilo. Hecho de materiales seguros y duraderos, es ideal para el uso diario, en la escuela, en casa o durante actividades al aire libre, combinando comodidad, diseño y diversión para los más pequeños. Incluye 4 piezas. Ancho aproximado: 4.33"".","META TÍTULO: Sweet Vaso Hot Focus: Accesorios Divertidos y Coloridos  
META DESCRIPCIÓN: Descubre el Sweet Vaso de Hot Focus, con diseño de helado rosa, pajita y accesorios. Ideal para regalos originales. ¡Consíguelo ahora!"
4184275,Rainbow Diario Afelpado con Lapicero,"HFocus Rainbow Diario Afelpado C/Lapicero es un diario colorido y suave al tacto, ideal para niños y adolescentes que desean tener un lugar especial para escribir, dibujar y guardar sus pensamientos. Con un diseño de arcoíris y una cubierta afelpada, este diario ofrece una textura única y atractiva. Incluye un lapicero a juego, permitiendo una escritura cómoda y divertida. Perfecto para estimular la creatividad y la expresión personal, este diario es ideal para la escuela, el hogar o como regalo para fomentar el hábito de escribir y crear historias. Incluye 3 piezas. Ancho aproximado: 6.69"".","META TÍTULO: Diario Afelpado Rainbow Hot Focus: Mágico y Suave  
META DESCRIPCIÓN: Descubre el encantador diario Rainbow de Hot Focus. Afelpado, con lapicero y diseño unicornio. Ideal para niñas creativas. ¡Consíguelo ya!"
4184293,Rainbow Mochila Rosada,"HFocus Rainbow Mochila Rosada es una mochila colorida y encantadora, ideal para niñas y adolescentes. Con un diseño vibrante y detalles de arcoíris, añade un toque de alegría y estilo a la rutina diaria. Hecha de materiales duraderos y seguros, esta mochila ofrece amplio espacio para llevar libros, útiles escolares y otros objetos personales. Es perfecta para el colegio, actividades extracurriculares o salidas, combinando funcionalidad, comodidad y un diseño divertido para acompañar a los más jóvenes en su día a día. Ancho aproximado: 13"".","META TÍTULO: Mochila Rosada Rainbow Hot Focus - Diseño Brillante  
META DESCRIPCIÓN: Descubre la mochila Rainbow rosa de Hot Focus, con detalles brillantes y colores vivos. Perfecta para añadir diversión a tu estilo. ¡Consíguela hoy!"
4184291,Rainbow Vaso con Sorbete,"HFocus Rainbow Vaso C/Sorbeté 5+ es un vaso colorido y funcional, ideal para niños mayores de 5 años. Con un diseño vibrante de arcoíris, hace que la hora de la bebida sea más divertida y atractiva. Equipado con un sorbete integrado, permite beber de manera cómoda y práctica. Hecho de materiales seguros y duraderos, es perfecto para usar en casa, la escuela o durante actividades al aire libre. Este vaso combina estilo y funcionalidad, ofreciendo una opción divertida para mantenerse hidratado. Incluye 3 piezas. Ancho aproximado: 3.93"".","META TÍTULO: Rainbow Vaso Hot Focus: Diversión Brillante con Tatuajes  
META DESCRIPCIÓN: Sorprende con el vaso Rainbow de Hot Focus. Incluye sorbete, decoraciones y tatuajes que brillan. Ideal para regalos."
4184289,Rainbow Termo con Llavero,"HFocus Rainbow Termo con Llavero es un termo colorido y práctico, ideal para mantener las bebidas frías o calientes durante el día. Con un diseño vibrante de arcoíris, es perfecto para niños y adolescentes que buscan un toque divertido en sus accesorios. Incluye un llavero integrado para facilitar su transporte y personalización. Hecho de materiales duraderos y seguros, este termo es ideal para llevar al colegio, actividades al aire libre o excursiones, añadiendo comodidad y estilo a la hora de hidratarse.","META TÍTULO: Termo Rainbow con Llavero Hot Focus | Diseño Divertido  
META DESCRIPCIÓN: Descubre el termo infantil Rainbow de Hot Focus. Mantiene líquidos fríos/calientes. Diseño arcoíris con llavero. Ideal regalo."
4184284,Gummy Bear Mochila Rosada,"HFocus Gummy Bear Mochila Rosada es una mochila colorida y encantadora con diseño de osito de goma, ideal para niñas y adolescentes. Su color rosado y su estilo lúdico la convierten en una opción atractiva para el uso diario, ya sea para la escuela, actividades extracurriculares o salidas. Hecha de materiales resistentes y seguros, esta mochila ofrece un espacio amplio para llevar libros, útiles escolares y otros objetos personales. Combina funcionalidad, comodidad y un toque divertido, haciendo que cada día sea más especial y alegre.","META TÍTULO: Mochila Gummy Bear Rosada - Diseño Brillante y Divertido  
META DESCRIPCIÓN: Descubre la mochila Gummy Bear Rosada de Hot Focus, con detalles brillantes y un tierno oso. Perfecta para destacar."
4184283,Gummy Bear Mini Mochila,"HFocus Gummy Bear Mini Mochila es una mochila pequeña y colorida con un diseño de osito de goma, ideal para niños y adolescentes. Perfecta para llevar al colegio, a actividades extracurriculares o para excursiones, ofrece suficiente espacio para guardar útiles escolares, juguetes o accesorios personales. Hecha de materiales duraderos y seguros, esta mini mochila combina funcionalidad y estilo, agregando un toque divertido y alegre a la rutina diaria. Su diseño encantador y temático la convierte en un accesorio atractivo y práctico para los más jóvenes.","META TÍTULO: Gummy Bear Mini Mochila - Diseño Tierno y Funcional  
META DESCRIPCIÓN: Descubre la Gummy Bear Mini Mochila de Hot Focus. Rosa brillante, con ositos adorables y detalles brillantes. Ideal para niñas."
4184281,Gummy Bear Vaso Helado con Sorbete,"HFocus Gummy Bear Vaso Helado C/Sorbeté es un vaso divertido y colorido con diseño de osito de goma, ideal para niños. Este vaso incluye un sorbete integrado, lo que lo hace perfecto para disfrutar de bebidas frías como jugos, batidos o helados de manera cómoda y práctica. Hecho de materiales duraderos y seguros, es ideal para usar en casa, llevar a la escuela o para fiestas y eventos. Su diseño atractivo y temático añade un toque de alegría y diversión a cualquier momento de hidratación o merienda. Incluye 3 piezas.","META TÍTULO: Gummy Bear Vaso Helado Hot Focus - Divertido y Original  
META DESCRIPCIÓN: Disfruta tu helado con estilo. Vaso Gummy Bear con sorbete, detalles brillantes y diseño de Minnie. Ideal regalo."
4184280,Gummy Bear Termo con Sorbete y Llavero,"HFocus Gummy Bear Termo C/Sorbeté/Llaver es un termo colorido y divertido con diseño de osito de goma, ideal para niños y adolescentes. Este termo incluye un sorbete integrado para beber de manera cómoda y práctica, y un llavero a juego para llevarlo con facilidad o personalizarlo. Perfecto para mantener bebidas frías o calientes durante el día, es ideal para llevar al colegio, actividades deportivas o excursiones. Hecho de materiales duraderos y seguros, combina funcionalidad y estilo, añadiendo un toque de diversión a la hora de hidratarse. Incluye 2 piezas. Ancho aproximado: 3.14"".","META TÍTULO: Termo Gummy Bear Hot Focus con Llavero Original  
META DESCRIPCIÓN: Descubre el termo Gummy Bear de Hot Focus: diseño divertido, sorbete y llavero. Mantén bebidas frescas con estilo único. ¡Ideal para regalos!"
4184276,Gummy Bear Estuche para Joyas,"HFocus Gummy Bear Estuche P/ Joyas es un estuche encantador con diseño de osito de goma, ideal para guardar y organizar accesorios y joyas pequeñas de manera segura y divertida. Con un estilo colorido y lúdico, este estuche es perfecto para niños y adolescentes que buscan un lugar especial para almacenar sus anillos, pulseras, collares y otros pequeños tesoros. Hecho de materiales duraderos y con un cierre confiable, este estuche es tanto funcional como decorativo, agregando un toque de alegría y estilo a cualquier espacio. Incluye 2 piezas. Ancho aproximado: 6"".","META TÍTULO: Estuche Gummy Bear Hot Focus - Organiza con Estilo  
META DESCRIPCIÓN: Descubre el Estuche Gummy Bear de Hot Focus, perfecto para joyas. Diseño vibrante y práctico con cierre seguro. ¡Ideal para regalo!"
4184223,Gummy Bear Vaso con Sorbete,"HFocus Gummy Bear Vaso C/Sorbetes es un vaso colorido y divertido con diseño de osito de goma, ideal para niños que quieren disfrutar de sus bebidas de una manera divertida y única. Este vaso viene con un sorbete integrado, lo que lo hace perfecto para tomar jugos, batidos o agua de forma cómoda. Hecho de materiales resistentes y seguros, es fácil de usar y limpiar, siendo una opción ideal para el hogar, la escuela o como accesorio para fiestas. Su diseño alegre y temático hace que el momento de beber sea aún más entretenido. Ancho aproximado: 4.05"".","META TÍTULO: Gummy Bear Vaso con Sorbete Hot Focus – Diversión Rosa  
META DESCRIPCIÓN: Añade diversión con el Gummy Bear Vaso con sorbete Hot Focus. Diseño tierno, seguro y práctico. Ideal para niñas. ¡Cómpralo ya!"
4177877,Vaso Goovy Flowers,"El Vaso Goovy Flowers de HFocus es un accesorio colorido y moderno, ideal para niños y adolescentes que buscan un toque divertido y estilizado en su día a día. Con un diseño vibrante de flores y colores llamativos, este vaso es perfecto para beber agua, jugos u otras bebidas. Fomenta el uso de productos reutilizables y promueve hábitos saludables de hidratación mientras añade un toque de alegría y originalidad a cualquier momento. Ideal para usar en casa, la escuela o llevar a actividades al aire libre. Incluye 2 piezas.","META TÍTULO: Vaso Goovy Flowers - Diseño Alegre y Divertido  
META DESCRIPCIÓN: Descubre el Vaso Goovy Flowers de Hot Focus. Diseño hippie, colores vivos y pajita incluida. Ideal para regalos."
4184311,Sweet Estuche con Accesorios,"La Sweet Estuche con Accesorios es un estuche atractivo y funcional, ideal para niños mayores de 5 años. Con un diseño dulce y colorido, es perfecto para guardar y organizar útiles escolares, lápices, bolígrafos y otros objetos pequeños. Este estuche incluye accesorios adicionales que pueden incluir lápices, marcadores o stickers, haciendo que el uso del estuche sea más divertido y estimulante. Hecho de materiales seguros y duraderos, es una opción práctica y encantadora para la escuela, actividades artísticas o el uso diario, fomentando la creatividad y el orden.","META TÍTULO: Estuche Sweet Hot Focus: Accesorios Kawaii y Divertidos  
META DESCRIPCIÓN: Descubre el estuche Sweet de Hot Focus, lleno de accesorios kawaii. Perfecto para niñas, incluye stickers, lápices y más con diseños adorables. ¡Ideal para regalo!"
4184308,Sweet Estuche con Libreta y Accesorios,"HFocus Sweet Estuche C/Libreta y Acc. 5+ es un estuche colorido y funcional, ideal para niños mayores de 5 años. Con un diseño dulce y atractivo, incluye una libreta para escribir, dibujar y expresar la creatividad, junto con accesorios adicionales como lápices, bolígrafos o stickers que hacen que el uso del estuche sea más divertido. Hecho de materiales seguros y duraderos, este set es perfecto para la escuela, actividades artísticas o el uso diario, combinando practicidad y estilo para mantener organizados los útiles escolares y fomentar la creatividad.","META TÍTULO: Estuche Sweet con Libreta Hot Focus: Diversión Colorida  
META DESCRIPCIÓN: Descubre el Estuche Sweet de Hot Focus. Incluye libreta, bolígrafos y stickers. Diseño helado encantador, ideal para regalos. ¡Compra ahora!"
4184301,Rainbow Libreta con Audífonos,"HFocus Rainbow Libreta C/Audífonos 5+ es un set divertido y colorido, ideal para niños mayores de 5 años. La libreta, con un diseño vibrante de arcoíris, es perfecta para dibujar, escribir y explorar la creatividad. Viene acompañada de audífonos a juego, que permiten a los niños escuchar música, cuentos o aprender de manera divertida mientras usan la libreta. Hechos de materiales seguros y duraderos, este set combina funcionalidad, entretenimiento y un toque de estilo para el uso diario, ya sea en casa, en la escuela o durante actividades recreativas.","META TÍTULO: Libreta Rainbow con Audífonos Hot Focus: Set Escolar  
META DESCRIPCIÓN: Descubre el set escolar Rainbow de Hot Focus. Incluye libreta, audífonos, bolígrafos y más. Diseño colorido y divertido perfecto para estudiantes."
4184295,Rainbow Monedero con Accesorios,"HFocus Rainbow Monedero C/Accesorios 5+ es un monedero colorido y divertido, ideal para niños mayores de 5 años. Con un diseño vibrante de arcoíris, añade un toque de alegría y estilo al día a día. Este monedero incluye accesorios adicionales que lo hacen aún más especial, como llaveros o pequeñas decoraciones. Hecho de materiales seguros y duraderos, es perfecto para guardar monedas, billetes y otros pequeños objetos personales, haciendo que sea una opción práctica y atractiva para las actividades cotidianas.","META TÍTULO: Rainbow Monedero Infantil con Accesorios Hot Focus  
META DESCRIPCIÓN: Descubre el monedero infantil Rainbow de Hot Focus, con accesorios incluidos. Diseño colorido y brillante perfecto para niñas."
4184279,Gummy Bear Estuche con Lapicero,"HFocus Gummy Bear Estuche C/Lapicero es un estuche colorido y encantador con diseño de osito de goma, ideal para niños y adolescentes. Este estuche es perfecto para guardar lápices, bolígrafos y otros útiles escolares, manteniéndolos organizados y accesibles. Incluye un lapicero a juego, que proporciona una opción práctica y divertida para escribir o dibujar. Hecho de materiales resistentes y con un diseño atractivo, este estuche añade un toque de alegría a la rutina diaria y es perfecto para la escuela, actividades creativas o uso en casa.","META TÍTULO: Estuche Gummy Bear Hot Focus: Color y Diversión  
META DESCRIPCIÓN: Descubre el estuche Gummy Bear de Hot Focus. Incluye lapiceros divertidos y stickers. Ideal para regalos. Diseño atractivo y colores brillantes."
4184278,Gummy Bear Estuche con Libreta,"HFocus Gummy Bear Estuche C/Libreta es un set colorido y divertido diseñado para niños y adolescentes. El estuche cuenta con un diseño de osito de goma y es ideal para almacenar lápices, bolígrafos y otros útiles escolares. Incluye una libreta a juego, perfecta para escribir, dibujar o tomar notas. Hecho de materiales duraderos y con un estilo atractivo, este set es perfecto para la escuela o para actividades en casa, añadiendo un toque de diversión y creatividad a la rutina diaria.","META TÍTULO: Estuche Gummy Bear Hot Focus: Libreta y Accesorios Divertidos  
META DESCRIPCIÓN: Descubre el estuche Gummy Bear de Hot Focus con libreta, stickers y accesorios. Diseño colorido y brillante perfecto para escolares."
4184277,Gummy Bear Mini Mochila con Accesorios,"HFocus Gummy Bear Mini Mochila C/Acc. 5+ es una mochila pequeña y colorida con diseño de osito de goma, perfecta para niños mayores de 5 años. Esta mini mochila incluye accesorios adicionales que la hacen práctica y divertida para el uso diario. Ideal para llevar al colegio, a actividades extracurriculares o para excursiones, ofrece suficiente espacio para guardar útiles escolares, juguetes y otros objetos esenciales. Hecha de materiales resistentes y con un diseño atractivo, es perfecta para añadir un toque de diversión y estilo a las actividades cotidianas.","META TÍTULO: Mochila Gummy Bear Mini: Accesorios Divertidos Hot Focus  
META DESCRIPCIÓN: Descubre la mochila Gummy Bear con accesorios de Hot Focus. Diseño rosa brillante, ideal para niñas. Incluye bolígrafos y detalles encantadores."
4184225,Gummy Bear Estuche con Lapicero,"HFocus Gummy Bear Estuche C/Lapicero es un estuche colorido y atractivo con diseño de osito de goma, perfecto para niños y adolescentes que buscan un accesorio divertido para organizar sus útiles escolares. Este estuche incluye un lapicero a juego, lo que lo hace ideal para llevar lápices, bolígrafos, y otros artículos de escritura de manera práctica y ordenada. Hecho de materiales duraderos y seguros, es ideal para usar en la escuela, en casa o para llevar de viaje. Su diseño lúdico y temático aporta un toque de diversión a la rutina diaria.","META TÍTULO: Estuche Gummy Bear Hot Focus: Divertido y funcional  
META DESCRIPCIÓN: Descubre el estuche Gummy Bear con lapicero Hot Focus. Diseño único y colores brillantes. Ideal para escolares. ¡Consíguelo ahora!"
4184221,Gummy Bear Audífonos Inalámbricos,"HFocus Gummy Bear Audífonos Inalámbricos son unos audífonos divertidos y coloridos con forma de osito de goma, perfectos para niños y adolescentes que buscan un accesorio único y alegre. Estos audífonos inalámbricos ofrecen una conexión Bluetooth estable, permitiendo disfrutar de la música y llamadas sin cables. Con un diseño ergonómico y cómodo, son ideales para escuchar música, ver videos o jugar videojuegos de forma práctica y estilosa. Además, su batería recargable proporciona horas de uso continuo, haciéndolos una opción perfecta para el día a día.","META TÍTULO: Audífonos Gummy Bear Inalámbricos Hot Focus - Diseño Divertido  
META DESCRIPCIÓN: Descubre los audífonos Gummy Bear de Hot Focus, con estuches adorables y colores pastel. Sonido nítido y conexión Bluetooth. ¡Ideal para niños!"
4184395,Contenedor Con Termo Hot Focus 5+,"HFocus Sweet Contenedor C/Termo 5+ es un práctico y atractivo set ideal para niños y adolescentes. Este conjunto incluye un contenedor para alimentos y un termo a juego, ambos con un diseño dulce y colorido que añade un toque de diversión y estilo. Hechos de materiales duraderos y seguros, son perfectos para mantener las comidas y bebidas frescas y organizadas durante el día escolar, actividades al aire libre o excursiones. El termo incluye un cierre hermético para evitar derrames, y el contenedor es ideal para llevar snacks y almuerzos. Esta combinación es perfecta para mantener a los más pequeños cómodamente equipados y listos para disfrutar de sus comidas.","META TÍTULO: Contenedor Termo Hot Focus 5+ Infantil | Diseño Tierno y Práctico  
META DESCRIPCIÓN: El Contenedor Con Termo Hot Focus 5+ mantiene comidas frescas. Diseño infantil con accesorios completos. Ideal para la escuela."
4184300,Rainbow Audífonos Inalámbricos,"HFocus Rainbow Audífonos Inalámbricos 14+ son unos audífonos modernos y coloridos, diseñados para adolescentes y jóvenes mayores de 14 años. Con un diseño vibrante de arcoíris, ofrecen un toque de estilo único mientras proporcionan una experiencia de sonido de alta calidad. La tecnología inalámbrica permite una conexión sin cables, brindando comodidad y libertad de movimiento. Son ideales para escuchar música, podcasts o realizar llamadas, combinando funcionalidad y un diseño atractivo para el uso diario. Hechos de materiales duraderos y seguros, estos audífonos son perfectos para disfrutar de tu música favorita con estilo.","META TÍTULO: Audífonos Inalámbricos Rainbow Hot Focus: Diseño Único  
META DESCRIPCIÓN: Descubre los audífonos Rainbow de Hot Focus, con estuche colorido y diseño alegre. Sonido perfecto y estilo único. Cómpralos hoy."
4184297,Rainbow Caja Musical para Joyas,"HFocus Rainbow Caja Musical P/Joyas es una caja encantadora y colorida, ideal para niñas que aman los accesorios y los detalles especiales. Con un diseño vibrante de arcoíris, esta caja musical combina funcionalidad y diversión, ya que reproduce una melodía alegre al abrirla. Perfecta para guardar anillos, pulseras y otros pequeños tesoros, está hecha de materiales duraderos y seguros. Es una opción ideal para fomentar el amor por la organización y la creatividad, mientras añade un toque mágico a la habitación o el espacio de juego.","META TÍTULO: Caja Musical Rainbow para Joyas - Hot Focus  
META DESCRIPCIÓN: Descubre la Caja Musical Rainbow de Hot Focus, ideal para guardar joyas. Diseño colorido con espejo y compartimentos."
4184294,Contenedor Con Termo Rainbow Hot Focus,"HFocus Rainbow Contenedor C/Termo es un set práctico y colorido, ideal para niños y adolescentes. El contenedor, con un diseño vibrante de arcoíris, es perfecto para llevar snacks, almuerzos o meriendas de manera organizada. El termo, también decorado con detalles de arcoíris, ayuda a mantener las bebidas frías o calientes durante el día. Hechos de materiales duraderos y seguros, este set combina funcionalidad y estilo, siendo una opción ideal para la escuela, excursiones o actividades al aire libre.","META TÍTULO: Contenedor Termo Infantil Rainbow Hot Focus – Calidad Premium  
META DESCRIPCIÓN: Descubre el Contenedor Con Termo Rainbow Hot Focus, ideal para niños. Diseño brillante y funcional, mantiene comida fresca. ¡Compra ahora!"
4184290,Contenedor Para Merienda Rainbow Hot Focus,"HFocus Rainbow Contenedor P/Merienda es un práctico y colorido contenedor, ideal para llevar snacks y meriendas al colegio o de excursión. Con un diseño vibrante de arcoíris, agrega un toque de diversión a la hora de comer. Hecho de materiales seguros y duraderos, este contenedor es perfecto para mantener la comida fresca y organizada. Su tamaño compacto lo hace fácil de llevar en mochilas o loncheras, convirtiéndolo en una opción ideal para niños y adolescentes.","META TÍTULO: Lonchera Infantil Rainbow Hot Focus - Diseño Divertido  
META DESCRIPCIÓN: Descubre la lonchera infantil Rainbow de Hot Focus. Compartimentos separados y accesorios incluidos. Perfecta para meriendas."
4184324,Cartera Rosa con Llave,"¡Añade un toque de estilo y diversión a tu look con la Hfocus Groovy Flower Cartera Rosa! Esta encantadora cartera presenta un diseño de flores vibrantes que la hace perfecta para cualquier ocasión. Con un compartimento principal espacioso y un cierre seguro con llave, es ideal para llevar tus esenciales de manera organizada y segura. Tipo de producto: Carteras. Ancho aproximado: 4"".","META TÍTULO: Cartera Rosa Hot Focus: Estilo y Elegancia en Accesorios  
META DESCRIPCIÓN: Descubre la cartera rosa con llave de Hot Focus. Diseño chic con perlas y detalles encantadores. Ideal para destacar. ¡Compra hoy!"
4184323,Bolso De Mano Cruzado Arcoíris,"¡Un accesorio brillante y lleno de estilo para las más pequeñas! Este encantador bolso de mano cruzado de Hot Focus presenta un diseño colorido y divertido con un vibrante arcoíris que atraerá todas las miradas Tipo de producto: Carteras. Ancho aproximado: 7.09"".","META TÍTULO: Bolso De Mano Cruzado Arcoíris Hot Focus - Diseño Exclusivo  
META DESCRIPCIÓN: Descubre el Bolso Arcoíris de Hot Focus. Con detalles de perlas, pompones y mariposa. Ideal para looks modernos y juveniles. ¡Compra ahora!"
4180479,Lonchera rosa de arcoirís HOT FOCUS,"Esta pequeña y espaciosa lonchera es la ideal para las mas pequeñas de la casa, ya que es cómoda y fácil de cargar, perfecta para nuestros amantes de la moda a quienes les gusta guardar su almuerzo con estilo. Ancho aproximado: 7,4"".","META TÍTULO: Lonchera Rosa Arcoíris Hot Focus - Diseño Divertido y Práctico  
META DESCRIPCIÓN: Descubre la lonchera rosa de arcoíris Hot Focus, ideal para niños. Diseño brillante, compartimentos separados y fácil limpieza. ¡Hazla suya hoy!"
4180474,Lonchera  y termo de mariposa HOT FOCUS,"Contenedor de comida con bolsa de hielo, 1 tenedor/cuchara 2 en 1, 1 botella de agua con mosquetón Incluye 4 piezas. Ancho aproximado: 0.","META TÍTULO: Lonchera y termo de mariposa HOT FOCUS | Diseño Infantil  
META DESCRIPCIÓN: Set lonchera y termo infantil mariposas. Mantén la comida fresca y bebidas a temperatura. Diseño colorido."
4180473,Termo de arcoiris c/sticker HOT FOCUS,"¡¡El Arco Iris es la botella de agua favorita de las niñas!! ahora con diseño, estilo y accesorios para beber e hidratar a las niñas a cualquier hora del día. Esta botella de agua tiene un aspecto acogedor y agradable con el diseño de Arco Iris, con material resistente a los impactos. Encuentra en el interior de la botella unos hermosos Stickers de Arco Iris para decorar donde tú quieras. Incluye 2 piezas. Ancho aproximado: 0.","META TÍTULO: Termo Arcoiris con Stickers Hot Focus | Diseño Divertido  
META DESCRIPCIÓN: Mantén bebidas frescas con estilo. Termo Hot Focus con diseño arcoiris y stickers incluidos. Ideal para regalos."
4177882,Lonchera Groovy Fowers HFocus,Lonchera HFocus Tipo de producto: Lonchera.,"META TÍTULO: Lonchera Infantil Groovy Flowers HFocus – Estilo Único  
META DESCRIPCIÓN: Descubre la lonchera Groovy Flowers de Hot Focus. Diseño vibrante con flores y mariposas. Ideal para niñas. Mantén la comida fresca y segura."
4177880,Botella con envase de comida HOT FOCUS,"Haz que la hora del almuerzo sea vibrante y conveniente con la lonchera bento de 3 piezas sin BPA con botella de agua. Este juego está diseñado para alegrar tus rutinas de comidas mientras mantienes tu comida fresca y tu hidratación bajo control. Diseño colorido: la lonchera Lunch Buddy viene en un encantador arcoíris de colores, lo que la convierte en una alegre adición a tu día. Juego de tres piezas: este juego incluye un espacioso compartimento principal para sándwiches, ensaladas o bocadillos. Los dos compartimentos más pequeños son perfectos para frutas, nueces o salsas, lo que te permite mantener los componentes de tus comidas separados y frescos. Incluye 3 piezas. Ancho aproximado: 0.","META TÍTULO: Botella Infantil Hot Focus - Diseño Floral Vibrante y Seguro  
META DESCRIPCIÓN: Descubre la botella Hot Focus con envase. Diseño alegre, seguro y práctico. Ideal para mantener la comida fresca. ¡Compra ahora!"
4177870,Kit de diario iluminado Groovy Flowers HOT FOCUS,Se puede regalar en el cumpleaños de su hijo.Es la forma perfecta y segura para que tu hijo escriba sus sentimientos más íntimos.El candado en forma de corazón es de color rosa y plateado.¡El diario tiene un diseño divertido y colorido y se puede iluminar! Incluye 4 piezas. Ancho aproximado: 0.,"META TÍTULO: Kit Diario Iluminado Groovy Flowers - Hot Focus  
META DESCRIPCIÓN: Descubre el kit de diario iluminado Groovy Flowers de Hot Focus. Perfecto para crear mensajes y dibujos brillantes. Incluye bolígrafos y accesorios decorativos."
4177874,"Cartera y Accesorios, Flor Maravillosa HOT FOCUS","Original cartera con increíbles accesorios de flores muy cool para mantener tu dinero a salvo y con mucho estilo, incluye una fantástica pulsera y anillos ajustables. Incluye 5 piezas. Ancho aproximado: 0.","META TÍTULO: Cartera Infantil Flor Maravillosa - Hot Focus Original  
META DESCRIPCIÓN: Descubre la cartera infantil Flor Maravillosa de Hot Focus. Incluye accesorios: pulsera, anillos y dijes. Ideal para niñas creativas."
4177873,Arte Pegajosa que brilla en la oscuridad HOT FOCUS,"Set de arte de limo brillante en la oscuridad. Incluye 3 piezas. Ancho aproximado: 10"".","META TÍTULO: Arte Pegajosa Brillante Hot Focus - Diversión Nocturna  
META DESCRIPCIÓN: Descubre Hot Focus Glow, arte pegajoso que brilla en la oscuridad. Crea diseños florales luminosos y mágicos."
4180476,Cartera Hot Focus Glow Arcoiris Con Accesorios,"Descubre la Bolsa Cruzada con Accesorios de Belleza Arcoíris, una opción vibrante para elevar tu rutina de belleza. Con un diseño colorido y arcoíris, esta elegante bolsa incluye una variedad de accesorios de belleza. Ideal para llevar tus esenciales de belleza con estilo, añade alegría y elegancia a tu rutina diaria de cuidado personal. Tipo de producto: Carteras. Ancho aproximado: 5.9"".","META TÍTULO: Cartera Infantil Hot Focus Glow Arcoiris Con Accesorios Brillantes  
META DESCRIPCIÓN: Descubre la cartera Hot Focus Glow con diseño arcoiris. Incluye accesorios brillantes y divertidos. Ideal para regalos. ¡Consíguela ahora!"
4174109,Hot Focus Clipboard Mariposa,Clipboard de mariposa con lápices de color.,"META TÍTULO: Hot Focus Clipboard Mariposa: Colorea y Guarda con Estilo  
META DESCRIPCIÓN: Descubre el clipboard Hot Focus Mariposa. Diseño mágico, lápices incluidos y almacenamiento práctico. Ideal para niñas creativas. ¡Compra ahora!"
4174110,Hot Focus Estuche Multi-Funcional Mariposa,Estuche para lápices multifuncional con calculadora.,"META TÍTULO: Estuche Mariposa Multi-Funcional Hot Focus | Diseño Divertido  
META DESCRIPCIÓN: Estuche Mariposa Hot Focus, multi-funcional y colorido. Ideal para lápices, con diseño de mariposas y flores. Perfecto para niñas creativas."
4174111,Hot Focus Vaso Gatico Con Labial,Vaso con diseño de gatico. Incluye labial apto para que las más pequeñas puedan jugar.,"META TÍTULO: Vaso Gatico Hot Focus: Divertido y con Labial Incluido  
META DESCRIPCIÓN: Disfruta tu bebida favorita con el vaso gatico Hot Focus. Diseño único con labial rosa. Perfecto para regalos originales."
4172858,Hot Focus Libreta de Sirena,"Set de libreta de sirena con calcomanias, lapicero y otros accesorios.","META TÍTULO: Libreta Hot Focus de Sirena: Set Completo y Brillante  
META DESCRIPCIÓN: Descubre la magia con la libreta de sirena Hot Focus. Incluye stickers, bolígrafo pompón y más. Perfecta para jóvenes creativas."
4172861,Hot Focus Libreta con Lapicero de Mariposa,Libreta de mariposas con lapicero y colita para el pelo.,"META TÍTULO: Libreta Hot Focus con Lapicero Mariposa | Diseño Brillante  
META DESCRIPCIÓN: Descubre la libreta Hot Focus con lapicero mariposa. Diseño encantador, brillante y femenino. Perfecta para niñas creativas."
4172864,Hot Focus Estuche de de Mariposa,Estuche de mariposa con accesorios.,"META TÍTULO: Estuche Mariposa Hot Focus: Accesorio Escolar Encantador y Práctico  
META DESCRIPCIÓN: Descubre el Estuche Mariposa de Hot Focus, lleno de color y detalles. Ideal para mantener organizados tus útiles escolares con estilo. ¡Compra ahora!"
4172867,Hot Focus Termo de Mariposa,Termo transparente de mariposas con calcomanias y lapicero dentro.,"META TÍTULO: Termo Mariposa Hot Focus: Colorido y Divertido Diseño Infantil  
META DESCRIPCIÓN: Descubre el Termo de Mariposa Hot Focus, ideal para niñas. Con diseños mágicos y colores brillantes. Mantiene bebidas frescas."
4172868,Hot Focus Audifonos de Mariposa,Audífonos de mariposas con estuche incluido.,"META TÍTULO: Audífonos Mariposa Hot Focus: Estilo y Sonido  
META DESCRIPCIÓN: Hot Focus trae audífonos de mariposa con diseño vibrante. Incluye pulsera y estuche. Calidad y moda en un solo producto."
4166616,Hot Focus Diario Mariposa,"Libreta en forma de mariposa que incluye lapicero, colita y tape con escarcha.","META TÍTULO: Hot Focus Diario Mariposa: Creatividad y Diversión  
META DESCRIPCIÓN: Descubre el Hot Focus Diario Mariposa, lleno de colores y accesorios. Perfecto para niñas creativas desde 5 años."
4166619,Hot Focus Diario Mariposa con Accesorios,"Libreta de apuntes con lápiz, borrador en forma de lápiz labial, clips para papel y calcomanías.","META TÍTULO: Diario Mariposa Hot Focus: Accesorios Incluidos y Diseño Encantador  
META DESCRIPCIÓN: Explora el Diario Mariposa Hot Focus con accesorios temáticos. Diseño brillante y detalles de mariposas. Perfecto para niñas creativas. ¡Consíguelo hoy!"
4166621,Hot Focus Vaso con Colita Mariposa,Vaso con tapa y sorbete y colita colorida con tema de mariposa.,"META TÍTULO: Vaso Mariposa Hot Focus: Diseño Exclusivo y Colorido  
META DESCRIPCIÓN: Añade diversión a tu día con el Vaso Mariposa Hot Focus. Incluye colita arcoíris y brillantitos. Ideal para regalos."
